{"mean": [0.33978539750583764, -4.304448790337659, 0.41898013274978557, 0.007785440865463019, -0.005905995545900887, -0.01959975647902288], "scale": [8.000358405459515, 12.869725212656554, 28.484527741825225, 5.239453134541047, 1.6788427820658058, 1.0883449876368068]}